"Type","Start","End","Duration","Start Condition","Start Location","End Condition","Notes","Logged By"
"Growth","2025-10-06 11:02",,,"0.99kg",,"23.9cm",,
"Growth","2025-10-06 11:02",,,,,"23.9cm",,
"Growth","2025-10-06 11:01",,,,,"23.9cm",,
"Growth","2025-10-06 11:01",,,,,"23.9cm",,
"Tummy time","2025-10-06 11:00","2025-10-06 11:15","00:15",,,,,
"Tummy time","2025-10-06 11:00",,,,,,,
"Bath","2025-10-06 10:59","2025-10-06 11:14","00:15",,,,"bathtime note ",
"Temp","2025-10-06 10:59",,,"37°C",,,,
"Pump","2025-10-06 10:59",,,"20ml",,"10ml",,
"Pump","2025-10-06 10:58","2025-10-06 11:20","00:22","30ml",,,,
"Potty","2025-10-06 10:58",,,"Runny",,"Both, pee:medium","Accident note ",
"Potty","2025-10-06 10:58",,,,,"Dry","Note for potty",
"Potty","2025-10-06 10:58",,,"Runny",,"Poo","Poo note",
"Solids","2025-10-06 10:57",,,"5 of avocado, 3 of banana",,"LOVED","food note",
"Feed","2025-10-06 10:56",,,"Formula","Bottle","280ml",,
"Feed","2025-10-06 10:56",,,"Breast Milk","Bottle","110ml","A milk note",
"Feed","2025-10-06 10:55","2025-10-06 11:22","00:27","00:13R","Breast","00:13L",,
"Sleep","2025-10-06 08:59","2025-10-06 10:55","01:56","10-20_minutes, upset, happy, long time to fall asleep, under_10_minutes","Swing, car, worn or held, nursing, stroller, on own in bed, bottle, co sleep, next to carer","Upset, woke up child, happy","This is a note",
"Growth","2025-10-06 02:49",,,,,"23.9cm",,
